{"title": "browser tab script service https github com issues https hackerone com reports https db com https github com issues", "tags": ["brave-browser"], "predict": [["ImageMagick", 0.0454799085855484], ["rh-ruby24-ruby", 0.0348772332072258], ["cfme-amazon-smartstate", 0.0270647332072258], ["cfme", 0.0270647332072258], ["cfme-gemset", 0.0270647332072258], ["cfme-appliance", 0.0270647332072258], ["firefox", 0.02586805634200573], ["libarchive.so", 0.02544642984867096], ["ruby", 0.0251116082072258], ["rh-ruby25-ruby", 0.0251116082072258]], "ndcg": [0.0, 0.0, 0.0], "precision": [0.0, 0.0, 0.0], "pSndcg": [0.0, 0.0, 0.0]}
